[{"code":"//copyright holder","color":"#FFE91E63","name":"ZonicTV💫","typeName":"","palette":"51","type":"h","spec":"ZonicTV💫"},{"code":"%s.setTextIsSelectable(%s);","color":"#FF00ACC1","name":"select","typeName":"","palette":"51","type":" ","spec":"set %m.textview selectable %b"},{"code":"%1$s.setClickable(true);\nandroid.text.util.Linkify.addLinks(%1$s, android.text.util.Linkify.ALL);\n%1$s.setLinkTextColor(Color.parseColor(\"%2$s\"));\n%1$s.setLinksClickable(%3$s);","color":"#FF00ACC1","name":"link","typeName":"","palette":"51","type":" ","spec":"set %m.textview as link with color %s.inputOnly and set clickable %b "},{"code":"%1$s.setTextSize((float)%2$s);","color":"#FF00ACC1","name":"size","typeName":"","palette":"51","type":" ","spec":"set %m.textview size as %d"},{"code":"%1$s.setTextColor(Color.rgb(%2$s,%3$s,%4$s));","color":"#FF00ACC1","name":"color","typeName":"","palette":"51","type":" ","spec":"set %m.textview color with R %d G %d B %d"},{"code":" %1$s.setTypeface(Typeface.DEFAULT);","color":"#FF00ACC1","name":"textview typeface 1","typeName":"","palette":"51","type":" ","spec":"set %m.textview typeface as default"},{"code":"%1$s.setTypeface(Typeface.SANS_SERIF);","color":"#FF00ACC1","name":"textview typeface 2","typeName":"","palette":"51","type":" ","spec":"set %m.textview typeface as SANS SERIF"},{"code":"%1$s.setTypeface(Typeface.SERIF);","color":"#FF00ACC1","name":"textview typeface 3","typeName":"","palette":"51","type":" ","spec":"set %m.textview typeface as SERIF"},{"code":"%1$s.setTypeface(Typeface.MONOSPACE);","color":"#FF00ACC1","name":"textview typeface 4","typeName":"","palette":"51","type":" ","spec":"set %m.textview typeface as  MONOSAPCE"},{"code":"%1$s.append((CharSequence)%2$s);","color":"#FF00ACC1","name":"textview append text","typeName":"","palette":"51","type":" ","spec":"set %m.textview append text %s"},{"code":"ScaleAnimation scaleAnimation \u003d new ScaleAnimation(1f,4f,1f,4f, Animation.RELATIVE_TO_SELF, 0.5f, Animation.RELATIVE_TO_SELF, 0.5f); \nscaleAnimation.setInterpolator(new LinearInterpolator()); \nscaleAnimation.setDuration(1800); \n%1$s.startAnimation(scaleAnimation); ","color":"#FF00ACC1","name":"start ZoomIn Animation","typeName":"","palette":"51","type":" ","spec":"%m.textview start ZoomIn Animation"},{"code":"ScaleAnimation scaleAnimation \u003d new ScaleAnimation(1f,0.5f,1f,.50f, Animation.RELATIVE_TO_SELF, 0.5f, Animation.RELATIVE_TO_SELF, 0.5f); \nscaleAnimation.setInterpolator(new AccelerateDecelerateInterpolator()); \nscaleAnimation.setDuration(1800); \n%1$s.startAnimation(scaleAnimation);","color":"#FF00ACC1","name":"Start ZoomOut Animation","typeName":"","palette":"51","type":" ","spec":"%m.textview start ZoomOut Animation"},{"code":"Double.parseDouble(%1$s.getText().toString())","color":"#FF00ACC1","name":"textview as number","typeName":"","palette":"51","type":"d","spec":"%m.textview get text"},{"code":"Intent i \u003d new Intent(android.content.Intent.ACTION_SEND); i.setType(\"text/plain\"); i.putExtra(android.content.Intent.EXTRA_TEXT, %1$s.getText().toString()); startActivity(Intent.createChooser(i,%2$s));","color":"#FF00ACC1","name":"Share TextView","typeName":"","palette":"51","type":" ","spec":"share %m.textview set share message %s"},{"code":"Typeface myTypeface \u003d Typeface.createFromFile(%2$s);\n%1$s.setTypeface(myTypeface);","color":"#FF00ACC1","name":"font","typeName":"","palette":"51","type":" ","spec":"set %m.textview font from path %s"},{"code":"%1$s.setTransformationMethod(android.text.method.PasswordTransformationMethod.getInstance());","color":"#FF00ACC1","name":"Hide Password Mode","typeName":"","palette":"51","type":" ","spec":"%m.edittext hide password mode"},{"code":"%1$s.setTransformationMethod(android.text.method.HideReturnsTransformationMethod.getInstance());","color":"#FF00ACC1","name":"Show password mode","typeName":"","palette":"51","type":" ","spec":"%m.edittext show password mode"},{"code":"%1$s.setError(\"%2$s\");","color":"#FF00ACC1","name":"set error message","typeName":"","palette":"51","type":" ","spec":"%m.edittext set error message %s.inputOnly "},{"code":"String map \u003d %1$s.getText().toString().replace(%3$s, \"\u003cfont color\u003d\\\"\".concat(\"%2$s\".concat(\"\\\"\u003e\".concat(%3$s.concat(\"\u003c/font\u003e\")))));\r\n%1$s.setText(Html.fromHtml(map));","color":"#FF00ACC1","name":"part of Text color","typeName":"","palette":"51","type":" ","spec":"Make part of %m.textview with color %s.inputOnly the part is %s"},{"code":"%1$s.setAllCaps(%2$s);","color":"#FF00ACC1","name":"Text capital","typeName":"","palette":"51","type":" ","spec":"set %m.textview word mode as capital %b"}]